Series ID, 2000, 2001, 2002, 2003, 2004, 2005, 2006, 2007, 2008, 2009, 2010, 2011, 2012, 2013, 2014, 2015, 2016, 2017, 2018, 2019, 2020, 2021, 2022
LAUST010000000000003,4.6,5.2,5.9,6.0,5.6,4.4,4.0,4.1,5.8,10.1,10.4,9.6,8.2,7.3,6.7,6.1,5.9,4.5,3.9,3.2,6.4,3.4,2.6
LAUST010000000000004,99442,110560,124988,127100,119523,95122,86800,88418,127275,217809,228204,210958,177660,159274,146010,131852,126572,99585,87839,72498,145263,76019,59358
LAUST010000000000005,2047731,2017467,1987633,2001568,2018783,2045234,2083207,2092030,2049579,1938784,1968824,1991379,2000848,2012828,2018705,2020443,2029157,2103873,2152270,2200437,2124409,2183330,2226670
LAUST010000000000006,2147173,2128027,2112621,2128668,2138306,2140356,2170007,2180448,2176854,2156593,2197028,2202337,2178508,2172102,2164715,2152295,2155729,2203458,2240109,2272935,2269672,2259349,2286028
LAUST010000000000007,60.6,59.5,58.4,58.5,58.6,58.8,59.1,58.8,57.1,53.5,53.4,53.5,53.4,53.4,53.4,53.2,53.2,54.1,55.0,55.9,53.6,54.7,55.5
LAUST010000000000008,63.6,62.7,62.1,62.2,62.1,61.6,61.6,61.3,60.6,59.6,59.5,59.1,58.2,57.7,57.2,56.6,56.5,56.7,57.3,57.8,57.2,56.6,57.0
LAUST010000000000009,3378393,3392313,3404450,3421469,3444085,3477391,3522273,3557957,3591892,3621410,3690247,3725085,3745693,3765926,3783191,3799373,3816953,3889272,3911655,3935788,3966036,3989929,4013691
LAUST020000000000003,6.3,6.3,7.2,7.7,7.4,6.9,6.6,6.3,6.5,8.0,8.2,7.8,7.2,7.0,6.7,6.3,6.6,6.5,6.0,5.6,8.3,6.4,4.0
LAUST020000000000004,20187,20230,23494,25530,25075,23884,23084,21924,22934,28661,29522,28287,26319,25440,24577,22821,23824,23481,21431,19801,28852,22633,14399
LAUST020000000000005,299590,301422,303560,306964,312394,320273,325672,328309,332364,330718,332185,336312,337834,338104,339704,339604,338193,337108,334068,333360,318298,330525,342400
LAUST020000000000006,319777,321652,327054,332494,337469,344157,348756,350233,355298,359379,361707,364599,364153,363544,364281,362425,362017,360589,355499,353161,347150,353158,356799
LAUST020000000000007,68.7,68.0,67.1,66.7,66.3,66.7,66.5,66.2,66.2,64.6,64.1,63.6,63.1,62.8,62.9,62.6,61.9,61.7,61.2,61.2,58.4,60.6,62.6
LAUST020000000000008,73.3,72.6,72.3,72.3,71.6,71.7,71.2,70.6,70.8,70.2,69.8,69.0,68.1,67.5,67.4,66.8,66.2,66.0,65.1,64.8,63.7,64.7,65.2
LAUST020000000000009,436112,443270,452064,459947,470999,480222,490049,495920,501689,511902,518527,528560,534987,538482,540373,542685,546589,546466,545700,544905,544846,545826,546834
LAUST040000000000003,4.0,4.7,6.2,5.8,5.0,4.7,4.3,3.8,5.8,9.7,10.3,9.4,8.3,7.8,6.8,6.1,5.5,5.0,4.8,4.8,7.8,5.1,3.8
LAUST040000000000004,99786,122848,165451,157552,139054,133499,127625,113661,179295,302465,318912,288176,254709,239213,212248,193900,177617,160411,159708,165058,271187,178381,138128
LAUST040000000000005,2410825,2470816,2518051,2571097,2649564,2729018,2843054,2905144,2916698,2826426,2777404,2763761,2799634,2825341,2906193,2990545,3075851,3079700,3166013,3265708,3199851,3352198,3477033
LAUST040000000000006,2510611,2593664,2683502,2728649,2788618,2862517,2970679,3018805,3095993,3128891,3096316,3051937,3054343,3064554,3118441,3184445,3253468,3240111,3325721,3430766,3471038,3530579,3615161
LAUST040000000000007,62.6,62.5,62.0,61.6,61.6,61.1,61.4,61.0,59.9,57.1,56.7,56.1,55.9,55.6,56.1,56.7,57.1,57.7,58.3,59.0,56.6,58.2,59.3
LAUST040000000000008,65.2,65.6,66.0,65.4,64.8,64.1,64.2,63.4,63.6,63.2,63.2,62.0,61.0,60.3,60.2,60.4,60.4,60.7,61.2,62.0,61.4,61.3,61.7
LAUST040000000000009,3849206,3953194,4064603,4174320,4304036,4465451,4630001,4760450,4868327,4951436,4896820,4926325,5006638,5085868,5178008,5276145,5384442,5341967,5434496,5537789,5655336,5755794,5859772
LAUST050000000000003,4.2,4.8,5.3,5.8,5.6,5.3,5.2,5.4,5.4,7.7,7.9,7.9,7.3,7.1,5.9,5.0,4.0,3.7,3.7,3.5,6.2,4.1,3.3
LAUST050000000000004,52674,60105,67958,73995,72832,70217,70532,72909,73541,104649,106576,107388,98005,94000,78193,66516,53461,50234,49053,47426,83166,54336,45418
LAUST050000000000005,1207833,1201314,1209006,1208583,1229546,1263663,1276000,1277902,1284175,1248691,1247059,1250431,1251883,1237609,1249766,1272785,1290430,1297854,1294809,1307510,1263623,1285329,1323949
LAUST050000000000006,1260507,1261419,1276964,1282578,1302378,1333880,1346532,1350811,1357716,1353340,1353635,1357819,1349888,1331609,1327959,1339301,1343891,1348088,1343862,1354936,1346789,1339665,1369367
LAUST050000000000007,59.6,58.9,58.9,58.4,58.9,59.8,59.5,59.0,58.7,56.7,55.9,55.5,55.2,54.4,54.6,55.4,55.8,56.1,55.8,56.1,53.9,54.4,55.6
LAUST050000000000008,62.2,61.8,62.2,62.0,62.4,63.1,62.8,62.4,62.1,61.4,60.6,60.2,59.5,58.5,58.1,58.3,58.1,58.3,57.9,58.1,57.4,56.7,57.5
LAUST050000000000009,2026044,2039774,2053079,2068570,2087587,2112848,2142922,2166219,2186304,2203566,2232732,2254423,2266990,2276882,2287195,2299074,2312068,2312545,2321285,2330750,2345881,2361849,2379534
LAUST060000000000003,4.9,5.5,6.8,6.9,6.2,5.4,4.9,5.3,7.3,11.5,12.5,11.9,10.5,9.0,7.6,6.3,5.5,4.8,4.2,4.1,10.1,7.3,4.2
LAUST060000000000004,825917,935919,1165056,1190384,1080951,944309,863334,955326,1323825,2112831,2292082,2186154,1943842,1677544,1412174,1176732,1046610,927302,819595,795311,1923991,1387063,811079
LAUST060000000000005,16011619,16160509,16081472,16081515,16293555,16593622,16797845,16955400,16856082,16193122,16078454,16220602,16541039,16887864,17264518,17647409,17965407,18258064,18469910,18617933,17047569,17586314,18440895
LAUST060000000000006,16837536,17096428,17246528,17271899,17374506,17537931,17661179,17910726,18179907,18305953,18370536,18406756,18484881,18565408,18676692,18824141,19012017,19185366,19289505,19413244,18971560,18973377,19251974
LAUST060000000000007,63.8,63.3,62.1,61.4,61.5,62.0,62.2,62.2,61.1,57.9,56.4,56.0,56.5,57.0,57.6,58.3,58.8,59.3,59.7,59.9,54.7,56.6,59.3
LAUST060000000000008,67.0,67.0,66.6,65.9,65.6,65.5,65.4,65.7,65.9,65.5,64.4,63.6,63.1,62.7,62.3,62.2,62.2,62.3,62.3,62.5,60.8,61.0,61.9
LAUST060000000000009,25116226,25526368,25882406,26210571,26503320,26761750,27012671,27274555,27606374,27946731,28532316,28952845,29295636,29626794,29962936,30283673,30568839,30804622,30963179,31056874,31184333,31090367,31093752
LAUST080000000000003,2.7,3.8,5.7,6.1,5.6,5.1,4.2,3.7,4.9,7.9,9.2,8.7,8.0,6.7,5.0,3.7,3.1,2.6,3.0,2.7,6.8,5.4,3.0
LAUST080000000000004,64267,91465,139264,151965,141801,130248,111902,99402,132686,215121,248727,236790,219407,186572,139596,105764,90653,77810,92924,82755,208768,171906,97094
LAUST080000000000005,2294104,2304547,2309639,2338432,2397588,2442134,2528550,2588340,2601712,2515483,2466996,2493472,2529785,2579568,2661070,2719997,2803504,2885980,2961423,3022829,2880227,2986238,3103531
LAUST080000000000006,2358371,2396012,2448903,2490397,2539389,2572382,2640452,2687742,2734398,2730604,2715723,2730262,2749192,2766140,2800666,2825761,2894157,2963790,3054347,3105584,3088995,3158144,3200625
LAUST080000000000007,70.3,68.9,67.8,67.7,68.7,68.8,69.8,70.1,69.1,65.5,63.8,63.5,63.3,63.5,64.2,64.2,64.9,65.9,66.5,66.9,62.8,64.4,66.3
LAUST080000000000008,72.2,71.6,71.9,72.1,72.7,72.5,72.9,72.8,72.6,71.1,70.2,69.6,68.8,68.0,67.6,66.7,67.0,67.7,68.6,68.7,67.3,68.1,68.4
LAUST080000000000009,3264672,3345497,3405964,3451821,3491060,3548120,3621632,3693148,3767281,3838336,3869708,3925294,3993645,4064989,4142393,4233776,4322568,4376946,4451642,4519715,4588240,4635455,4680613
LAUST090000000000003,2.1,2.9,4.4,5.5,5.1,4.8,4.4,4.5,5.6,8.3,9.6,9.0,8.4,8.0,6.6,5.6,4.8,4.4,3.9,3.6,7.9,6.3,4.2
LAUST090000000000004,37100,50601,78276,97357,90389,86366,80698,82961,105727,157013,183168,172478,157858,148544,124984,106299,91810,84878,74502,69870,149621,116306,80470
LAUST090000000000005,1723597,1698594,1697788,1688380,1687121,1707935,1750385,1773047,1772393,1731361,1728121,1741971,1729687,1718834,1764118,1785788,1801390,1838833,1849370,1868767,1734478,1739033,1851993
LAUST090000000000006,1760697,1749195,1776064,1785737,1777510,1794301,1831083,1856008,1878120,1888374,1911289,1914449,1887545,1867378,1889102,1892087,1893200,1923711,1923872,1938637,1884099,1855339,1932463
LAUST090000000000007,66.4,65.0,64.5,63.7,63.3,63.8,65.0,65.5,65.0,63.0,61.8,61.6,60.8,60.2,61.5,62.2,62.7,63.4,63.6,64.1,59.5,59.2,62.8
LAUST090000000000008,67.9,67.0,67.5,67.3,66.7,67.0,68.0,68.5,68.9,68.7,68.3,67.7,66.3,65.4,65.9,65.9,65.9,66.3,66.1,66.5,64.6,63.2,65.6
LAUST090000000000009,2594807,2611577,2632063,2651472,2664644,2677266,2694038,2707895,2727282,2746833,2798201,2829089,2845442,2856909,2867360,2872222,2874830,2901376,2909955,2913268,2914556,2936714,2947130
LAUST100000000000003,3.6,3.6,4.3,4.5,4.3,4.5,3.9,3.6,5.0,8.4,8.7,7.6,7.1,6.6,5.6,4.8,4.5,4.5,3.7,3.6,7.5,5.5,4.5
LAUST100000000000004,14768,15046,17790,18580,18101,19547,17233,16103,22571,36665,37808,33742,31473,29336,25312,22197,21168,21265,17826,17495,36532,27161,22430
LAUST100000000000005,398188,406517,399417,397310,402992,413828,425995,429203,427694,401718,398388,410229,414489,414215,427400,440555,447640,453949,462545,467162,449965,466770,474258
LAUST100000000000006,412956,421563,417207,415890,421093,433375,443228,445306,450265,438383,436196,443971,445962,443551,452712,462752,468808,475214,480371,484657,486497,493931,496688
LAUST100000000000007,66.7,67.2,65.1,63.8,63.7,64.2,64.8,64.2,63.1,58.6,56.8,57.7,57.6,56.9,58.0,59.1,59.3,59.4,59.8,59.7,56.6,57.7,57.7
LAUST100000000000008,69.2,69.7,68.0,66.8,66.6,67.2,67.4,66.7,66.4,63.9,62.2,62.4,62.0,61.0,61.4,62.0,62.1,62.2,62.1,61.9,61.2,61.1,60.5
LAUST100000000000009,597082,604807,613177,622359,632720,644982,657537,668101,678154,686095,700898,711380,719197,727677,737067,746043,754335,764025,772933,782769,795551,808479,821383
LAUST120000000000003,3.8,4.4,4.9,4.5,3.8,2.9,2.5,3.3,5.7,9.6,10.8,10.0,8.6,7.5,6.4,5.5,4.9,4.3,3.6,3.2,8.1,4.6,2.9
LAUST120000000000004,297174,356758,398128,362231,313725,246933,219940,300155,520246,860538,991706,926229,806664,708604,614967,532965,481064,428098,368708,334148,821101,480794,313266
LAUST120000000000005,7620683,7692124,7651923,7760904,8033591,8400346,8707158,8813449,8636212,8127251,8155401,8334119,8529063,8706060,8931440,9106772,9360237,9544892,9749598,9950515,9292632,9872517,10449041
LAUST120000000000006,7917857,8048882,8050051,8123135,8347316,8647279,8927098,9113604,9156458,8987789,9147107,9260348,9335727,9414664,9546407,9639737,9841301,9972990,10118306,10284663,10113733,10353311,10762307
LAUST120000000000007,61.0,60.4,58.9,58.6,59.2,60.5,61.5,61.5,59.7,55.7,54.6,54.8,55.2,55.5,56.0,56.0,56.3,56.8,57.1,57.6,53.1,55.5,57.6
LAUST120000000000008,63.4,63.2,62.0,61.3,61.6,62.2,63.0,63.6,63.2,61.6,61.2,60.9,60.5,60.1,59.9,59.3,59.2,59.3,59.3,59.5,57.7,58.2,59.3
LAUST120000000000009,12489280,12730444,12994202,13247147,13558863,13894684,14163723,14339230,14477369,14589442,14940260,15209663,15438001,15672642,15947214,16266345,16616129,16818377,17061122,17273996,17516067,17776346,18134062
LAUST130000000000003,3.5,4.1,5.3,5.1,5.1,5.7,5.1,4.9,6.8,10.4,10.7,10.1,9.0,8.1,7.1,6.1,5.4,4.8,4.0,3.6,6.5,3.9,3.0
LAUST130000000000004,147329,174373,229990,227279,228479,261895,239043,236962,328435,499320,502515,480448,431249,386754,338792,287573,268074,243076,204434,184537,328962,201559,159182
LAUST130000000000005,4055366,4083528,4111627,4187003,4236301,4336264,4474820,4573302,4534790,4292830,4207266,4258833,4339369,4363292,4407067,4446515,4653740,4864813,4922489,4975975,4766734,4977562,5075093
LAUST130000000000006,4202695,4257901,4341617,4414282,4464780,4598159,4713863,4810264,4863225,4792150,4709781,4739281,4770618,4750046,4745859,4734088,4921814,5107889,5126923,5160512,5095696,5179121,5234275
LAUST130000000000007,66.5,65.6,64.7,64.8,64.3,64.3,64.7,64.7,63.0,58.8,57.5,57.7,58.0,57.7,57.6,57.3,59.0,60.8,60.8,60.7,57.4,59.3,59.6
LAUST130000000000008,69.0,68.4,68.4,68.3,67.8,68.1,68.2,68.0,67.6,65.6,64.3,64.2,63.8,62.8,62.0,61.0,62.4,63.9,63.3,62.9,61.3,61.7,61.5
LAUST130000000000009,6094409,6226566,6350716,6465778,6589698,6747800,6914799,7072669,7197409,7300589,7322355,7381037,7476643,7559402,7652862,7762111,7885093,7995544,8097261,8203811,8309241,8397878,8513926
LAUST150000000000003,4.2,4.3,4.0,3.9,3.3,2.8,2.5,2.7,4.0,6.7,6.8,6.8,5.9,4.8,4.2,3.4,2.9,2.2,2.4,2.5,11.7,6.0,3.5
LAUST150000000000004,25659,26177,24170,23584,20158,17677,16053,17486,25759,42172,44339,45164,38430,30973,28101,22978,19564,15438,16608,17349,77906,40361,23622
LAUST150000000000005,579736,581379,577616,580352,591594,607853,619362,619224,615767,589798,604210,615470,611985,620005,635913,647616,659557,679865,675849,668774,586179,629626,652677
LAUST150000000000006,605395,607556,601786,603936,611752,625530,635415,636710,641526,631970,648549,660634,650415,650978,664014,670594,679121,695303,692457,686123,664085,669987,676299
LAUST150000000000007,64.4,64.1,63.1,62.9,62.8,63.9,64.5,63.9,63.1,60.1,58.7,58.3,57.4,57.7,58.9,59.6,60.3,60.7,60.1,59.5,52.1,56.0,58.1
LAUST150000000000008,67.2,67.0,65.8,65.5,65.0,65.8,66.1,65.8,65.8,64.4,63.0,62.6,61.0,60.6,61.5,61.7,62.1,62.0,61.6,61.0,59.0,59.6,60.2
LAUST150000000000009,900554,907051,914847,922736,941335,951366,960686,968365,975321,981691,1030162,1055845,1065644,1074149,1080245,1086642,1093555,1120898,1124162,1124354,1125256,1124810,1123667
LAUST160000000000003,4.7,5.1,5.6,5.6,4.9,4.0,3.4,3.1,5.0,8.7,8.8,8.2,7.4,6.8,4.4,3.9,3.7,3.2,2.9,2.9,5.5,3.5,2.7
LAUST160000000000004,30838,34368,38631,38403,34234,28954,25627,23132,37848,66801,66882,62545,57143,53061,34132,30893,29741,26901,24667,25523,49471,32240,25314
LAUST160000000000005,630228,643913,647019,653299,668638,701400,718848,732155,721828,696832,695265,701660,714969,724545,742805,764121,783180,812875,837767,862981,852423,893169,925358
LAUST160000000000006,661066,678281,685650,691702,702872,730354,744475,755287,759676,763633,762147,764205,772112,777606,776937,795014,812921,839776,862434,888504,901894,925409,950672
LAUST160000000000007,66.3,66.4,65.5,64.9,65.0,66.4,66.2,65.8,63.6,60.6,59.7,59.5,59.9,59.9,60.6,61.3,61.5,61.8,62.2,62.5,59.9,60.7,61.4
LAUST160000000000008,69.5,70.0,69.4,68.7,68.3,69.1,68.5,67.9,67.0,66.4,65.4,64.8,64.7,64.3,63.3,63.8,63.8,63.9,64.1,64.3,63.3,62.9,63.1
LAUST160000000000009,951079,969340,988250,1006838,1028370,1056225,1086238,1112418,1134171,1149973,1165430,1179092,1193211,1208621,1226459,1246558,1274370,1314456,1346386,1381645,1423943,1470529,1506615
LAUST170000000000003,4.4,5.4,6.6,6.7,6.2,5.7,4.6,5.1,6.5,10.2,10.5,9.8,9.0,9.1,7.2,6.0,5.9,4.9,4.4,4.0,9.3,6.1,4.6
LAUST170000000000004,288369,351000,415901,425386,392977,366082,297770,337789,430763,673081,694231,641744,594235,595392,467313,391863,386366,324358,286572,260782,590812,385984,295787
LAUST170000000000005,6206060,6103092,5925990,5885134,5955739,6044685,6217917,6301409,6222179,5928539,5918202,5925787,5989454,5961201,6049059,6119934,6172672,6237933,6270844,6289513,5759004,5980444,6176876
LAUST170000000000006,6494429,6454092,6341891,6310520,6348716,6410767,6515687,6639198,6652942,6601620,6612433,6567531,6583689,6556593,6516372,6511797,6559038,6562291,6557416,6550295,6349816,6366428,6472663
LAUST170000000000007,66.4,64.9,62.6,61.8,62.3,62.9,64.3,64.7,63.4,60.0,59.7,59.6,59.9,59.4,60.2,60.9,61.4,61.5,61.9,62.1,56.9,59.3,61.5
LAUST170000000000008,69.5,68.6,67.0,66.3,66.4,66.7,67.3,68.1,67.8,66.8,66.8,66.0,65.9,65.4,64.8,64.8,65.3,64.7,64.7,64.7,62.7,63.1,64.5
LAUST170000000000009,9346902,9408241,9465460,9515975,9559591,9611488,9675598,9743313,9811776,9877039,9905097,9949849,9992930,10027607,10049204,10052540,10048210,10141740,10134812,10125894,10125350,10082638,10035838
LAUST180000000000003,3.0,4.2,5.2,5.3,5.4,5.4,5.0,4.6,5.9,10.5,10.1,8.9,8.2,7.5,5.9,4.8,4.4,3.5,3.4,3.3,7.3,3.9,3.0
LAUST180000000000004,94415,133495,163746,167061,171256,172957,160219,148041,191197,336362,321042,284614,260631,240011,191839,156601,145401,116644,115774,112371,243638,130582,101811
LAUST180000000000005,3030889,3010490,2997963,3011507,2993991,3029258,3075761,3054548,3053593,2880173,2854843,2904397,2911925,2953672,3036685,3109791,3186420,3217049,3276805,3291950,3102706,3225060,3302632
LAUST180000000000006,3125304,3143985,3161709,3178568,3165247,3202215,3235980,3202589,3244790,3216535,3175885,3189011,3172556,3193683,3228524,3266392,3331821,3333693,3392579,3404321,3346344,3355642,3404443
LAUST180000000000007,65.9,65.0,64.4,64.2,63.5,63.7,64.1,63.2,62.6,58.7,57.5,58.1,57.9,58.3,59.6,60.8,61.9,62.0,62.7,62.6,58.5,60.5,61.6
LAUST180000000000008,67.9,67.9,67.9,67.8,67.1,67.4,67.5,66.2,66.6,65.5,64.0,63.7,63.0,63.1,63.4,63.8,64.7,64.2,64.9,64.7,63.1,62.9,63.5
LAUST180000000000009,4600535,4630123,4657190,4687701,4715526,4752908,4796258,4836385,4874492,4907391,4962815,5002729,5032521,5064442,5093837,5117280,5148022,5189801,5224191,5259231,5299963,5331345,5357736
LAUST190000000000003,2.7,3.3,4.0,4.4,4.5,4.3,3.7,3.7,4.1,6.4,6.1,5.6,5.1,4.7,4.2,3.7,3.6,3.1,2.6,2.7,5.2,3.8,2.7
LAUST190000000000004,42966,53711,64869,71426,72804,69988,60580,61648,69750,107498,102451,94289,83944,79426,72042,63082,61012,51835,43994,46462,86248,64200,46961
LAUST190000000000005,1551434,1556923,1564178,1536505,1534634,1558522,1595344,1600507,1612459,1569561,1571960,1575767,1576236,1597139,1626676,1637467,1642152,1645660,1667817,1696691,1587341,1626168,1669933
LAUST190000000000006,1594400,1610634,1629047,1607931,1607438,1628510,1655924,1662155,1682209,1677059,1674411,1670056,1660180,1676565,1698718,1700549,1703164,1697495,1711811,1743153,1673589,1690368,1716894
LAUST190000000000007,69.5,69.5,69.6,68.2,67.8,68.5,69.6,69.4,69.5,67.3,66.7,66.3,66.0,66.4,67.2,67.3,67.2,66.8,67.4,68.2,63.5,64.8,66.3
LAUST190000000000008,71.4,71.9,72.5,71.4,71.0,71.6,72.3,72.1,72.5,71.9,71.0,70.3,69.5,69.7,70.2,69.9,69.7,68.9,69.2,70.1,66.9,67.3,68.1
LAUST190000000000009,2233091,2240136,2246553,2253298,2263148,2275361,2291210,2306017,2319607,2333606,2358177,2375851,2389698,2405163,2420070,2431480,2442456,2465307,2474800,2487544,2499928,2510670,2519424
LAUST200000000000003,3.8,4.3,5.1,5.5,5.5,5.1,4.4,4.3,4.6,6.9,7.0,6.4,5.7,5.3,4.5,4.2,4.0,3.6,3.4,3.3,5.8,3.3,2.7
LAUST200000000000004,52765,59746,72172,79950,80555,74113,64603,63305,68343,104430,104291,95802,85170,78925,67311,62249,60041,53830,50156,49289,87557,49473,40098
LAUST200000000000005,1349841,1338775,1347163,1361115,1378355,1384654,1402950,1422109,1425022,1408142,1396172,1402198,1405638,1410470,1426892,1431533,1431920,1434516,1443204,1455263,1415445,1451204,1464834
LAUST200000000000006,1402606,1398521,1419335,1441065,1458910,1458767,1467553,1485414,1493365,1512572,1500463,1498000,1490808,1489395,1494203,1493782,1491961,1488346,1493360,1504552,1503002,1500677,1504932
LAUST200000000000007,67.4,66.5,66.4,66.7,67.2,67.0,67.4,67.8,67.5,66.2,65.0,64.9,64.6,64.6,65.0,64.9,64.7,64.4,64.6,64.9,62.8,64.2,64.6
LAUST200000000000008,70.1,69.4,70.0,70.6,71.1,70.6,70.6,70.9,70.7,71.1,69.8,69.3,68.6,68.2,68.1,67.8,67.4,66.8,66.9,67.1,66.7,66.4,66.4
LAUST200000000000009,2001406,2014243,2028297,2041137,2052157,2067011,2080118,2096349,2111166,2128661,2148695,2161752,2174287,2183614,2194460,2204743,2213994,2227730,2233869,2240796,2253496,2261148,2267589
LAUST210000000000003,4.1,5.2,5.8,6.2,5.5,5.9,5.7,5.4,6.5,10.8,10.3,9.4,8.2,7.9,6.4,5.2,5.0,4.8,4.2,4.1,6.5,4.4,3.9
LAUST210000000000004,81168,101791,112432,121503,108185,116979,115564,109777,131950,222762,212721,193332,168975,163118,128967,103632,101166,98164,86691,85103,130929,89628,79945
LAUST210000000000005,1876232,1852043,1832250,1844378,1861750,1874747,1910580,1925716,1906275,1842085,1852302,1868168,1891109,1892777,1877551,1876009,1914479,1955234,1966186,1983872,1886072,1937537,1968121
LAUST210000000000006,1957400,1953834,1944682,1965881,1969935,1991726,2026144,2035493,2038225,2064847,2065023,2061500,2060084,2055895,2006518,1979641,2015645,2053398,2052877,2068975,2017001,2027165,2048066
LAUST210000000000007,60.8,59.6,58.5,58.4,58.6,58.5,58.9,58.8,57.6,55.3,55.3,55.4,55.8,55.5,54.8,54.5,55.3,56.0,56.1,56.4,53.4,54.8,55.6
LAUST210000000000008,63.4,62.9,62.1,62.3,62.0,62.1,62.4,62.2,61.6,62.0,61.6,61.1,60.8,60.3,58.5,57.5,58.3,58.8,58.6,58.9,57.1,57.4,57.8
LAUST210000000000009,3086153,3106382,3129417,3156144,3176063,3207183,3245865,3274539,3307860,3328976,3350086,3371493,3389583,3411413,3427723,3443534,3459892,3489934,3502248,3515061,3529516,3534295,3541106
LAUST220000000000003,5.2,5.6,6.0,6.3,5.7,7.2,4.1,4.1,4.7,6.8,7.5,7.4,6.7,6.4,6.3,6.3,6.1,5.1,4.8,4.6,8.6,5.6,3.7
LAUST220000000000004,104408,113665,120705,127012,115894,148723,81821,83145,96016,140673,156742,154487,141014,135219,133851,134969,129051,107998,101760,97763,177595,115485,76350
LAUST220000000000005,1921984,1913555,1892947,1897902,1914521,1929492,1919476,1943648,1968676,1927200,1927720,1926038,1948630,1966755,2007668,2015081,1994639,2000487,2007981,2008163,1887347,1958087,2011867
LAUST220000000000006,2026392,2027220,2013652,2024914,2030415,2078215,2001297,2026793,2064692,2067873,2084462,2080525,2089644,2101974,2141519,2150050,2123690,2108485,2109741,2105926,2064942,2073572,2088217
LAUST220000000000007,58.4,58.0,57.2,57.1,57.3,58.6,60.0,59.1,58.7,56.9,56.1,55.4,55.6,55.8,56.6,56.5,55.7,55.8,56.0,56.0,52.6,54.7,56.5
LAUST220000000000008,61.6,61.5,60.8,60.9,60.8,63.2,62.6,61.6,61.6,61.0,60.6,59.8,59.7,59.6,60.4,60.3,59.3,58.8,58.9,58.7,57.5,57.9,58.7
LAUST220000000000009,3289644,3296432,3309707,3326118,3341006,3290373,3198013,3288915,3352739,3388954,3437871,3477805,3502627,3525455,3546849,3568063,3583947,3586139,3584904,3584852,3591019,3580022,3560268
LAUST230000000000003,3.3,3.8,4.5,5.1,4.7,4.9,4.7,4.7,5.3,8.4,8.4,7.7,7.2,6.7,5.6,4.4,3.8,3.4,3.2,2.9,5.1,4.6,3.0
LAUST230000000000004,22508,25331,30258,35266,31907,34104,32946,32692,37489,58556,58848,54012,50415,47182,39027,30309,26194,23707,22272,20335,33940,31827,19910
LAUST230000000000005,654981,649627,648301,649899,654082,661176,667801,667061,664441,639142,638984,644967,650315,657058,659008,657550,667723,680164,678584,677460,636655,653341,654965
LAUST230000000000006,677489,674958,678559,685165,685989,695280,700747,699753,701930,697698,697832,698979,700730,704240,698035,687859,693917,703871,700856,697795,670595,685168,674875
LAUST230000000000007,65.9,64.7,63.8,63.3,63.2,63.4,63.6,63.1,62.5,60.0,59.5,59.8,60.1,60.5,60.5,60.3,61.0,61.5,61.0,60.5,56.4,57.2,56.8
LAUST230000000000008,68.1,67.2,66.8,66.7,66.2,66.6,66.7,66.2,66.1,65.5,65.0,64.8,64.7,64.9,64.1,63.0,63.4,63.6,63.0,62.3,59.4,60.0,58.6
LAUST230000000000009,994236,1004670,1015879,1026711,1035627,1043211,1050791,1056884,1062381,1064932,1073083,1079356,1082405,1085150,1089257,1091324,1094744,1106282,1112504,1119828,1128424,1141890,1152551
LAUST240000000000003,3.5,4.2,4.8,4.8,4.6,4.5,4.2,3.7,4.5,7.6,7.8,7.3,6.9,6.5,5.7,5.0,4.3,4.0,3.8,3.4,6.5,5.3,3.2
LAUST240000000000004,98961,118836,137390,138058,132925,131621,124396,111323,136426,230472,241423,226443,214429,204282,179106,156905,135091,129316,124150,113048,210055,168222,102813
LAUST240000000000005,2702430,2717443,2734977,2742966,2752186,2799960,2860048,2877994,2891508,2819397,2836945,2870857,2906518,2924626,2945911,2983083,3020827,3114580,3146485,3221317,3031031,3005067,3068700
LAUST240000000000006,2801391,2836279,2872367,2881024,2885111,2931581,2984444,2989317,3027934,3049869,3078368,3097300,3120947,3128908,3125017,3139988,3155918,3243896,3270635,3334365,3241086,3173289,3171513
LAUST240000000000007,67.7,67.1,66.6,66.0,65.4,65.8,66.6,66.5,66.4,64.1,63.2,63.1,63.2,63.0,63.1,63.5,64.1,64.9,65.2,66.5,62.2,61.5,62.8
LAUST240000000000008,70.1,70.0,69.9,69.3,68.6,68.9,69.5,69.1,69.5,69.4,68.6,68.0,67.8,67.4,66.9,66.8,66.9,67.6,67.8,68.8,66.5,65.0,64.9
LAUST240000000000009,3994408,4049596,4106699,4156957,4206817,4253903,4294115,4325591,4357178,4397392,4488288,4553235,4601141,4639292,4670634,4697561,4715122,4799005,4823675,4846181,4872205,4884468,4887139
LAUST250000000000003,2.8,3.8,5.2,5.7,5.1,4.8,4.7,4.5,5.3,8.1,8.1,7.2,6.7,6.6,5.7,4.8,4.0,3.8,3.5,3.0,9.4,5.5,3.8
LAUST250000000000004,94210,128540,179347,195695,173839,162583,160659,155327,183607,280925,280687,251677,235201,233545,204704,172113,145171,142131,132571,116181,350774,207291,140752
LAUST250000000000005,3246356,3258352,3257517,3223294,3226991,3222953,3251029,3277912,3282299,3189506,3198617,3232458,3271256,3283144,3364853,3417296,3472327,3582389,3686198,3725143,3399381,3535696,3603172
LAUST250000000000006,3340566,3386892,3436864,3418989,3400830,3385536,3411688,3433239,3465906,3470431,3479304,3484135,3506457,3516689,3569557,3589409,3617498,3724520,3818769,3841324,3750155,3742987,3743924
LAUST250000000000007,65.9,65.5,65.1,64.1,64.0,63.6,63.8,63.8,63.3,60.9,60.9,61.0,61.1,60.7,61.6,62.1,62.6,63.4,64.7,65.1,59.2,61.5,62.7
LAUST250000000000008,67.8,68.1,68.7,68.0,67.4,66.9,67.0,66.9,66.9,66.3,66.2,65.8,65.5,65.0,65.4,65.2,65.3,65.9,67.1,67.1,65.3,65.1,65.1
LAUST250000000000009,4928941,4972559,5006050,5028614,5043901,5063714,5092894,5134517,5184502,5237356,5252272,5295565,5351700,5407696,5461991,5504919,5543887,5654177,5694039,5725399,5739277,5745468,5750958
LAUST260000000000003,3.6,5.2,6.2,7.1,7.0,6.8,7.0,7.1,8.2,13.1,12.2,10.0,9.0,8.7,7.2,5.4,5.0,4.6,4.2,4.1,10.0,5.8,4.2
LAUST260000000000004,187817,266726,311436,357218,352186,343901,355349,354668,402532,638574,580853,467194,423499,413509,343703,258391,241690,225394,205713,202560,483886,277993,203427
LAUST260000000000005,4968878,4872118,4723286,4678901,4703962,4725701,4701385,4640173,4513249,4221462,4173946,4201785,4261963,4323410,4416017,4501816,4606948,4685853,4739081,4773453,4379122,4501562,4632539
LAUST260000000000006,5156695,5138844,5034722,5036119,5056148,5069602,5056734,4994841,4915781,4860036,4754799,4668979,4685462,4736919,4759720,4760207,4848638,4911247,4944794,4976013,4863008,4779555,4835966
LAUST260000000000007,66.1,64.3,62.0,61.0,61.0,61.1,60.6,59.7,58.1,54.3,53.9,54.2,54.7,55.2,56.2,57.1,58.2,58.6,59.0,59.3,54.3,55.8,57.3
LAUST260000000000008,68.6,67.9,66.1,65.7,65.6,65.5,65.1,64.2,63.2,62.5,61.4,60.2,60.1,60.5,60.6,60.4,61.2,61.4,61.6,61.8,60.3,59.3,59.9
LAUST260000000000009,7516639,7573057,7621515,7667604,7706420,7736940,7764448,7775228,7772411,7771824,7739421,7755122,7791752,7826581,7859938,7884087,7917715,7999550,8029716,8049908,8069823,8066407,8079178
LAUST270000000000003,3.0,3.8,4.5,4.8,4.6,4.1,4.1,4.6,5.4,7.9,7.4,6.5,5.6,5.0,4.3,3.8,3.9,3.5,3.0,3.3,6.3,3.8,2.7
LAUST270000000000004,85110,107088,128259,138519,132732,118489,117442,133250,157560,232082,218073,192127,166589,149276,127310,113741,116762,107176,92432,101308,196146,115175,82580
LAUST270000000000005,2714001,2740867,2744745,2754850,2760746,2762419,2772171,2765611,2756573,2699974,2722623,2760400,2783181,2812453,2852488,2891673,2906348,2963830,2982658,3007374,2938015,2924148,2994920
LAUST270000000000006,2799111,2847955,2873004,2893369,2893478,2880908,2889613,2898861,2914133,2932056,2940696,2952527,2949770,2961729,2979798,3005414,3023110,3071006,3075090,3108682,3134161,3039323,3077500
LAUST270000000000007,72.8,72.5,71.8,71.4,70.9,70.3,69.8,68.9,68.1,66.1,66.2,66.5,66.5,66.7,67.1,67.5,67.3,67.7,67.5,67.5,65.5,64.9,66.3
LAUST270000000000008,75.0,75.3,75.1,75.0,74.3,73.3,72.8,72.2,72.0,71.8,71.5,71.1,70.5,70.2,70.1,70.2,70.0,70.1,69.6,69.8,69.8,67.5,68.1
LAUST270000000000009,3730567,3780198,3823098,3859916,3893414,3928817,3971808,4013095,4050170,4083410,4115655,4150150,4184426,4218760,4252305,4282726,4318608,4379847,4418073,4453257,4487088,4503833,4519077
LAUST280000000000003,5.3,5.5,6.4,6.1,6.1,7.6,6.4,6.2,6.7,9.4,10.1,9.8,8.8,8.5,7.6,6.5,5.9,5.2,4.9,5.5,8.0,5.5,3.9
LAUST280000000000004,70041,71197,82994,80027,80859,100048,81328,79789,86517,118674,132190,131352,117205,108225,94657,81997,75595,66583,62698,70502,99638,68614,49142
LAUST280000000000005,1239841,1223536,1207799,1224551,1234123,1217359,1199290,1213549,1206858,1149831,1176938,1214638,1213245,1164832,1149277,1178018,1196241,1206102,1205342,1208096,1147391,1187096,1201880
LAUST280000000000006,1309882,1294733,1290793,1304578,1314982,1317407,1280618,1293338,1293375,1268505,1309128,1345990,1330450,1273057,1243934,1260015,1271836,1272685,1268040,1278598,1247029,1255710,1251022
LAUST280000000000007,59.1,58.1,57.2,57.7,57.8,56.8,55.8,55.9,55.2,52.3,52.8,54.1,53.8,51.4,50.6,51.7,52.3,52.8,52.9,53.0,50.3,52.1,52.7
LAUST280000000000008,62.5,61.5,61.1,61.5,61.6,61.5,59.6,59.6,59.1,57.7,58.8,60.0,59.0,56.2,54.7,55.3,55.7,55.7,55.6,56.1,54.6,55.1,54.9
LAUST280000000000009,2096381,2104190,2111954,2120642,2135239,2143324,2148646,2171648,2186906,2199696,2228132,2245128,2254011,2264123,2272489,2278953,2285176,2284344,2280313,2280145,2282017,2280572,2279804
LAUST290000000000003,3.4,4.5,5.3,5.7,5.9,5.4,4.9,5.1,6.2,9.0,9.5,8.6,7.2,6.8,6.2,5.1,4.5,3.7,3.2,3.2,6.1,4.1,2.5
LAUST290000000000004,100983,134748,157736,168676,176121,163301,147858,155615,189651,276814,289339,262298,215322,204083,187028,156392,139447,114220,98486,99118,185933,124810,76939
LAUST290000000000005,2870458,2853157,2823361,2814661,2819803,2847795,2888798,2902504,2875600,2784890,2753910,2770662,2789025,2807115,2848571,2901467,2933457,2939306,2949963,2975703,2851947,2925218,2984340
LAUST290000000000006,2971441,2987905,2981097,2983337,2995924,3011096,3036656,3058119,3065251,3061704,3043249,3032960,3004347,3011198,3035599,3057859,3072904,3053526,3048449,3074821,3037880,3050028,3061279
LAUST290000000000007,67.8,66.8,65.5,64.8,64.3,64.2,64.4,64.0,62.8,60.4,59.5,59.6,59.7,59.8,60.4,61.3,61.7,61.6,61.6,61.8,58.9,60.2,61.1
LAUST290000000000008,70.2,69.9,69.2,68.6,68.3,67.9,67.7,67.5,67.0,66.4,65.7,65.2,64.3,64.2,64.4,64.6,64.6,63.9,63.6,63.9,62.8,62.7,62.7
LAUST290000000000009,4235660,4272691,4310430,4346056,4386582,4435045,4487608,4532828,4576051,4610127,4629450,4648959,4670471,4690656,4713011,4735158,4755612,4775175,4791474,4812110,4839399,4862659,4882274
LAUST300000000000003,4.8,4.6,4.6,4.7,4.5,4.1,3.3,3.4,4.7,7.1,7.2,6.6,5.8,5.4,4.7,4.3,4.3,4.1,3.7,3.5,5.8,3.4,2.6
LAUST300000000000004,22686,21489,21286,22251,21552,19818,16440,16966,24019,35815,36087,33279,29385,27401,23875,22176,22470,21570,19927,19055,31789,18629,14945
LAUST300000000000005,447383,443866,445122,448251,456674,465728,478726,488129,488259,466778,464808,467786,477056,483798,488738,495725,499266,506871,515213,524686,513545,531926,552842
LAUST300000000000006,470069,465355,466408,470502,478226,485546,495166,505095,512278,502593,500895,501065,506441,511199,512613,517901,521736,528441,535140,543741,545334,550555,567787
LAUST300000000000007,65.1,64.0,63.6,63.3,63.6,64.0,64.7,65.0,64.2,60.8,59.8,59.6,60.3,60.5,60.6,60.8,60.6,60.6,60.9,61.4,59.3,60.2,61.4
LAUST300000000000008,68.4,67.1,66.6,66.4,66.6,66.7,66.9,67.3,67.4,65.5,64.4,63.9,64.0,64.0,63.5,63.6,63.3,63.2,63.3,63.6,62.9,62.3,63.1
LAUST300000000000009,686936,693174,700096,708358,718057,728189,739612,750440,759997,767110,777255,784511,791192,799350,806981,814805,824042,836658,845569,854621,866547,883626,900481
LAUST310000000000003,2.8,3.1,3.7,3.9,3.9,3.8,3.0,2.9,3.2,4.7,4.7,4.4,3.9,3.7,3.3,3.0,3.1,3.0,2.9,3.1,4.3,2.7,2.3
LAUST310000000000004,26229,29712,35104,38123,37914,36845,29489,28725,32067,45952,46814,44310,39359,37366,32999,30340,31096,30423,30128,32847,44946,28254,24836
LAUST310000000000005,912620,915662,917833,928916,935722,935914,941941,950318,955470,941903,945195,959325,973448,977464,979728,981326,984966,992740,1006283,1018707,1003443,1021330,1034091
LAUST310000000000006,938849,945374,952937,967039,973636,972759,971430,979043,987537,987855,992009,1003635,1012807,1014830,1012727,1011666,1016062,1023163,1036411,1051554,1048389,1049584,1058927
LAUST310000000000007,71.1,70.9,70.7,71.1,71.2,70.7,70.6,70.8,70.7,69.1,68.2,68.5,69.0,68.8,68.4,68.1,67.8,67.4,67.8,68.2,66.7,67.6,68.1
LAUST310000000000008,73.1,73.2,73.4,74.0,74.0,73.5,72.8,72.9,73.0,72.5,71.6,71.7,71.8,71.4,70.8,70.2,70.0,69.4,69.8,70.4,69.6,69.4,69.7
LAUST310000000000009,1283772,1290958,1298974,1307147,1315032,1324178,1333583,1342436,1352164,1363273,1386390,1399914,1410901,1420828,1431323,1440994,1452381,1473927,1484120,1493995,1505301,1511554,1519307
LAUST320000000000003,4.1,5.2,5.7,5.3,4.4,4.1,4.0,4.6,6.9,11.7,13.8,13.3,11.6,10.0,8.2,6.8,5.8,5.0,4.4,4.1,13.5,6.9,5.4
LAUST320000000000004,44126,57760,64495,60483,52446,50862,52249,61795,94318,160315,186981,181138,158475,136706,112660,95667,81843,72240,65408,63666,203641,103848,83646
LAUST320000000000005,1026650,1055769,1069601,1089893,1126205,1177587,1239263,1282414,1278789,1207052,1171879,1179653,1207733,1234021,1267424,1301094,1332390,1372022,1429284,1482647,1302990,1395651,1466213
LAUST320000000000006,1070776,1113529,1134096,1150376,1178651,1228449,1291512,1344209,1373107,1367367,1358860,1360791,1366208,1370727,1380084,1396761,1414233,1444262,1494692,1546313,1506631,1499499,1549859
LAUST320000000000007,67.4,66.8,65.4,64.5,64.1,64.7,65.8,66.2,64.7,60.4,56.9,56.4,56.9,57.3,57.8,58.2,58.5,59.4,60.6,61.5,53.0,55.9,57.9
LAUST320000000000008,70.3,70.5,69.4,68.1,67.1,67.5,68.6,69.4,69.5,68.4,65.9,65.0,64.4,63.6,63.0,62.5,62.0,62.6,63.4,64.2,61.3,60.0,61.2
LAUST320000000000009,1522648,1579709,1634790,1690420,1756312,1819152,1883416,1938289,1976670,1999624,2061293,2092674,2122954,2154637,2192083,2235028,2279404,2308537,2357842,2409356,2459637,2497185,2532731
LAUST330000000000003,2.7,3.4,4.5,4.5,3.8,3.6,3.5,3.5,3.7,6.1,6.1,5.5,5.4,5.3,4.3,3.4,2.9,2.8,2.6,2.6,6.7,3.4,2.5
LAUST330000000000004,18196,23463,31583,31551,27224,26435,25729,25905,27805,45440,45208,40194,40348,39013,32016,25485,21476,21215,20184,20024,50993,25741,19333
LAUST330000000000005,667603,668566,668980,677387,688271,699666,706655,712023,715076,694362,694132,696591,700448,704023,711740,720832,731002,736918,750285,760516,713144,731117,747339
LAUST330000000000006,685799,692029,700563,708938,715495,726101,732384,737928,742881,739802,739340,736785,740796,743036,743756,746317,752478,758133,770469,780540,764137,756858,766672
LAUST330000000000007,70.3,69.3,68.2,68.2,68.3,68.6,68.4,68.3,68.0,65.7,65.8,65.7,65.5,65.5,65.7,66.2,66.6,66.2,66.9,67.3,62.5,63.6,64.5
LAUST330000000000008,72.2,71.7,71.5,71.3,71.0,71.2,70.9,70.8,70.7,70.0,70.0,69.5,69.3,69.1,68.6,68.5,68.5,68.1,68.7,69.1,67.0,65.8,66.1
LAUST330000000000009,949844,965420,980304,993695,1007298,1019428,1032458,1042854,1051320,1057314,1055691,1060141,1068654,1075451,1083434,1089562,1097720,1112624,1120839,1129954,1140447,1150014,1159452
LAUST340000000000003,3.7,4.2,5.8,5.8,4.9,4.4,4.6,4.2,5.4,9.0,9.7,9.4,9.4,8.4,6.7,5.7,4.9,4.5,4.0,3.5,9.4,6.6,3.7
LAUST340000000000004,156816,182271,250884,252922,213984,194908,204798,187110,244481,406937,440796,427078,429065,380358,302576,256730,221620,208802,184074,161970,437937,308891,175691
LAUST340000000000005,4130824,4112095,4094389,4091465,4134064,4192396,4231848,4248982,4251455,4133366,4118982,4134708,4147221,4147661,4191318,4237876,4271201,4406151,4420713,4524292,4212389,4357217,4564113
LAUST340000000000006,4287640,4294366,4345273,4344387,4348048,4387304,4436646,4436092,4495936,4540303,4559778,4561786,4576286,4528019,4493894,4494606,4492821,4614953,4604787,4686262,4650326,4666108,4739804
LAUST340000000000007,64.1,63.4,62.6,62.2,62.6,63.2,63.6,63.5,63.2,61.1,60.0,59.8,59.7,59.5,59.9,60.4,60.8,60.6,60.5,61.5,57.0,58.8,61.5
LAUST340000000000008,66.6,66.2,66.5,66.1,65.9,66.2,66.6,66.3,66.9,67.1,66.5,66.0,65.9,64.9,64.2,64.1,63.9,63.5,63.0,63.7,62.9,63.0,63.9
LAUST340000000000009,6440442,6488919,6535944,6573502,6602607,6630669,6658162,6686077,6722056,6766177,6860979,6916237,6947898,6973700,6994770,7012397,7030113,7269751,7311915,7351409,7395273,7411284,7420969
LAUST350000000000003,5.0,5.0,5.5,5.9,5.6,5.2,4.2,3.6,4.3,7.1,7.8,7.2,7.0,6.9,6.6,6.6,6.7,6.1,4.9,5.0,7.9,7.1,4.0
LAUST350000000000004,42484,42531,47575,51861,49460,47285,38367,33108,39983,65686,72260,66943,64825,64203,61380,62094,63730,57593,46576,47391,73571,66652,38155
LAUST350000000000005,803666,812557,819275,828390,841002,858722,876100,887565,893645,862687,856602,858165,863937,865207,870570,876206,880515,890988,898360,908703,858350,876730,908870
LAUST350000000000006,846150,855088,866850,880251,890462,906007,914467,920673,933628,928373,928862,925108,928762,929410,931950,938300,944245,948581,944936,956094,931921,943382,947025
LAUST350000000000007,59.9,60.0,59.7,59.5,59.5,59.8,59.9,59.9,59.6,56.9,54.9,54.2,54.2,54.0,54.2,54.4,54.4,54.8,55.0,55.2,51.6,52.5,54.2
LAUST350000000000008,63.0,63.2,63.1,63.2,63.0,63.1,62.6,62.1,62.3,61.2,59.5,58.4,58.3,58.1,58.1,58.3,58.4,58.3,57.8,58.1,56.1,56.5,56.5
LAUST350000000000009,1342045,1353307,1372721,1392399,1413287,1436753,1461711,1482766,1499299,1516254,1560087,1583448,1593231,1600998,1605079,1610774,1617770,1627137,1634623,1645584,1662218,1670868,1676424
LAUST360000000000003,4.5,4.9,6.2,6.4,5.8,5.0,4.5,4.4,5.4,8.4,8.7,8.3,8.6,7.8,6.3,5.2,4.9,4.6,4.1,3.9,9.8,7.0,4.3
LAUST360000000000004,413004,445991,576533,593856,543880,469312,429417,422736,519829,810105,839690,796090,827516,752157,598239,500530,464155,455420,401914,379452,935358,671757,411168
LAUST360000000000005,8727537,8680547,8718237,8689954,8816050,8986176,9090969,9088287,9121271,8853905,8790607,8741662,8775083,8880792,8925328,9035989,9062866,9382750,9424212,9474510,8645489,8886155,9205821
LAUST360000000000006,9140541,9126538,9294770,9283810,9359930,9455488,9520386,9511023,9641100,9664010,9630297,9537752,9602599,9632949,9523567,9536519,9527021,9838170,9826126,9853962,9580847,9557912,9616989
LAUST360000000000007,60.0,59.3,59.2,58.6,59.1,59.9,60.2,59.8,59.7,57.7,57.1,56.5,56.4,56.8,56.9,57.5,57.6,58.0,58.1,58.3,53.3,55.3,57.7
LAUST360000000000008,62.8,62.3,63.1,62.6,62.7,63.0,63.0,62.6,63.1,62.9,62.6,61.6,61.7,61.6,60.7,60.7,60.6,60.8,60.6,60.7,59.0,59.4,60.2
LAUST360000000000009,14547332,14642218,14735313,14828504,14920093,15008243,15100241,15191922,15272352,15354331,15382860,15474264,15564711,15639250,15690912,15718035,15729054,16176117,16217662,16238937,16226178,16078040,15967990
LAUST370000000000003,3.7,5.6,6.9,6.7,5.9,5.6,5.1,5.1,6.2,11.0,10.7,10.3,9.5,7.8,6.1,5.7,5.1,4.5,4.0,3.9,7.2,4.9,3.7
LAUST370000000000004,154654,235835,292056,287451,251731,243718,228299,230902,281872,509124,497912,477802,448820,365012,287640,269939,246395,219688,196268,192382,347623,241917,188331
LAUST370000000000005,3972811,3956124,3917218,3997950,4036223,4105112,4232804,4297692,4296605,4104074,4135783,4180071,4271383,4336379,4410647,4493882,4598456,4646212,4715616,4801094,4491749,4712866,4970998
LAUST370000000000006,4127465,4191959,4209274,4285401,4287954,4348830,4461103,4528594,4578477,4613198,4633695,4657873,4720203,4701391,4698287,4763821,4844851,4865900,4911884,4993476,4839372,4954783,5159329
LAUST370000000000007,65.0,63.8,62.3,62.8,62.6,62.5,63.0,62.5,61.3,57.7,56.7,56.4,56.9,57.1,57.4,57.7,58.1,58.6,58.7,59.1,54.6,56.5,58.7
LAUST370000000000008,67.5,67.6,67.0,67.3,66.5,66.2,66.4,65.8,65.3,64.8,63.5,62.8,62.9,61.9,61.1,61.1,61.2,61.3,61.2,61.4,58.8,59.4,60.9
LAUST370000000000009,6114876,6202734,6286161,6363376,6452249,6571000,6721862,6879821,7011929,7117828,7295065,7416868,7504450,7595424,7688413,7792799,7911794,7932255,8032424,8128596,8224476,8339111,8467545
LAUST380000000000003,3.0,2.8,3.4,3.5,3.4,3.3,3.1,3.0,3.1,3.9,3.7,3.3,2.9,2.9,2.6,2.8,3.1,2.6,2.4,2.2,5.0,3.1,2.1
LAUST380000000000004,10146,9723,11611,12007,11958,11790,11302,11130,11397,14628,14021,12949,11602,11590,10720,11468,12777,10864,9868,9052,20384,12536,8731
LAUST380000000000005,332615,332805,330852,335092,341694,344595,351410,356434,360446,355736,365041,374434,383888,389928,398783,399296,399001,404901,402201,404793,389415,396364,405580
LAUST380000000000006,342761,342528,342463,347099,353652,356385,362712,367564,371843,370364,379062,387383,395490,401518,409503,410764,411778,415765,412069,413845,409799,408900,414311
LAUST380000000000007,68.6,68.7,68.3,69.0,69.8,70.1,71.2,71.9,72.2,70.6,70.1,70.2,70.5,69.8,69.9,68.8,68.7,68.9,68.2,68.3,65.4,66.5,67.8
LAUST380000000000008,70.7,70.7,70.7,71.5,72.3,72.5,73.4,74.1,74.5,73.5,72.8,72.6,72.6,71.9,71.8,70.8,70.9,70.7,69.8,69.8,68.8,68.6,69.2
LAUST380000000000009,485026,484467,484701,485632,489446,491659,493900,495854,498983,503717,521042,533220,544583,558633,570413,580163,581106,587828,589972,592785,595350,596255,598591
LAUST390000000000003,4.1,4.4,5.8,6.2,6.3,5.9,5.4,5.6,6.6,10.2,10.3,8.8,7.4,7.5,5.8,5.0,5.0,5.0,4.5,4.2,8.2,5.1,4.0
LAUST390000000000004,237102,254737,337401,364037,366496,349262,321252,337945,393367,600044,604169,509752,422083,425318,331389,282926,290383,289496,261865,244879,473768,293954,230950
LAUST390000000000005,5544340,5566414,5490092,5498959,5487218,5531429,5635968,5679258,5609101,5304803,5267304,5263728,5290392,5281459,5381787,5427850,5464097,5529479,5558124,5632572,5280930,5434815,5510327
LAUST390000000000006,5781442,5821151,5827493,5862996,5853714,5880691,5957220,6017203,6002468,5904847,5871473,5773480,5712475,5706777,5713176,5710776,5754480,5818975,5819989,5877451,5754698,5728769,5741277
LAUST390000000000007,64.3,64.2,63.0,62.8,62.5,62.7,63.6,63.8,62.8,59.2,58.7,58.5,58.6,58.3,59.2,59.5,59.7,59.9,60.0,60.6,56.6,58.2,59.0
LAUST390000000000008,67.0,67.2,66.9,67.0,66.6,66.7,67.2,67.6,67.2,65.9,65.5,64.2,63.3,63.0,62.8,62.6,62.8,63.0,62.8,63.2,61.6,61.4,61.5
LAUST390000000000009,8623110,8667199,8709513,8751391,8784378,8819792,8859318,8899484,8929752,8953903,8970327,8996691,9023547,9060002,9097253,9127141,9158368,9236379,9267912,9298346,9335358,9332099,9339327
LAUST400000000000003,3.0,3.6,4.6,5.4,4.7,4.3,3.9,4.0,3.6,6.6,6.5,5.6,5.1,5.1,4.3,4.3,4.6,4.0,3.3,3.1,6.3,4.0,3.0
LAUST400000000000004,49568,60874,77881,90966,79706,74285,66922,68475,62477,116090,115206,98821,91277,92305,77943,78545,84830,73539,60005,57812,116031,74634,56979
LAUST400000000000005,1605949,1611746,1607453,1595412,1610799,1635004,1647518,1654796,1678409,1653357,1650502,1668235,1703624,1707220,1719826,1750501,1743225,1752733,1771251,1782411,1725318,1785703,1830061
LAUST400000000000006,1655517,1672620,1685334,1686378,1690505,1709289,1714440,1723271,1740886,1769447,1765708,1767056,1794901,1799525,1797769,1829046,1828055,1826272,1831256,1840223,1841349,1860337,1887040
LAUST400000000000007,62.2,62.1,61.6,60.8,61.1,61.5,61.2,60.9,61.2,59.6,58.3,58.2,58.9,58.4,58.4,58.9,58.3,58.7,59.1,59.1,56.8,58.3,59.1
LAUST400000000000008,64.2,64.5,64.5,64.2,64.1,64.3,63.7,63.4,63.5,63.8,62.3,61.6,62.0,61.6,61.0,61.5,61.1,61.1,61.1,61.0,60.6,60.7,61.0
LAUST400000000000009,2579973,2593587,2611230,2626130,2638115,2658130,2690292,2716737,2743197,2774079,2832710,2867951,2894377,2921037,2945666,2971677,2990341,2987388,2997373,3014372,3038592,3064929,3094170
LAUST410000000000003,5.2,6.4,7.5,8.0,7.4,6.2,5.4,5.2,6.2,10.8,10.7,9.6,8.8,7.8,6.7,5.5,4.7,4.1,4.0,3.7,7.6,5.2,4.2
LAUST410000000000004,94214,115717,137360,147846,135846,114187,101119,98587,121283,213209,213715,191674,173414,149553,129926,108189,96696,84179,83561,77584,159795,112183,90795
LAUST410000000000005,1717623,1699359,1696894,1698482,1709561,1734710,1780651,1812303,1825256,1755156,1778034,1804257,1791248,1775139,1820202,1871286,1946233,1991503,1996490,2017199,1947567,2035428,2085939
LAUST410000000000006,1811837,1815076,1834254,1846328,1845407,1848897,1881770,1910890,1946539,1968365,1991749,1995931,1964662,1924692,1950128,1979475,2042929,2075682,2080051,2094783,2107362,2147611,2176734
LAUST410000000000007,65.0,63.4,62.4,61.7,61.5,61.4,61.9,61.9,61.4,58.3,58.6,58.8,57.8,56.8,57.5,58.2,59.3,59.8,59.3,59.3,56.6,58.8,60.2
LAUST410000000000008,68.6,67.7,67.4,67.0,66.3,65.5,65.4,65.3,65.5,65.4,65.6,65.1,63.4,61.6,61.6,61.6,62.3,62.4,61.8,61.6,61.2,62.0,62.8
LAUST410000000000009,2642542,2679820,2720797,2754793,2781851,2823513,2876527,2926092,2970432,3008002,3034354,3066901,3098061,3126399,3164439,3214603,3279335,3327673,3366596,3402123,3440805,3463707,3466172
LAUST420000000000003,4.2,4.8,5.6,5.7,5.4,5.0,4.7,4.6,5.3,8.0,8.2,7.8,7.7,7.1,5.9,5.4,5.3,5.0,4.4,4.3,8.9,6.0,4.4
LAUST420000000000004,257590,296087,345240,349833,334221,312755,295203,288943,342968,510165,522107,495001,493614,457707,378984,346753,344247,323340,287771,285812,581383,386386,282692
LAUST420000000000005,5848152,5882813,5869299,5808102,5878607,5943887,6002761,6057645,6096818,5890073,5838498,5886748,5955409,5962130,6010075,6076402,6114644,6161913,6222004,6287804,5933182,6058976,6196385
LAUST420000000000006,6105742,6178900,6214539,6157935,6212828,6256642,6297964,6346588,6439786,6400238,6360605,6381749,6449023,6419837,6389059,6423155,6458891,6485253,6509775,6573616,6514565,6445362,6479077
LAUST420000000000007,61.6,61.8,61.4,60.5,60.9,61.3,61.5,61.6,61.7,59.3,58.1,58.2,58.6,58.6,58.9,59.5,59.8,59.5,59.9,60.4,56.7,57.7,59.1
LAUST420000000000008,64.4,64.9,65.0,64.1,64.4,64.5,64.5,64.6,65.1,64.4,63.3,63.1,63.5,63.1,62.6,62.9,63.1,62.6,62.7,63.1,62.3,61.4,61.8
LAUST420000000000009,9486292,9515842,9559024,9606890,9649682,9702277,9767932,9829441,9888397,9939374,10049131,10119106,10156562,10181064,10205656,10218363,10232466,10357025,10388655,10411566,10458263,10496024,10490813
LAUST440000000000003,4.0,4.5,5.1,5.6,5.3,5.1,5.2,5.1,7.6,11.4,11.6,11.0,10.2,9.5,7.8,6.0,5.2,4.5,4.0,3.5,9.2,5.5,3.2
LAUST440000000000004,21701,24129,28043,31202,29190,28904,29911,29130,43042,65273,66548,61952,57307,52971,43229,33505,28793,25592,23134,20270,52236,31516,18235
LAUST440000000000005,520813,517532,522201,529583,526489,534535,541675,541956,525187,505930,504957,500109,502897,505776,513406,521767,524438,542552,549529,554076,517949,540182,551220
LAUST440000000000006,542514,541661,550244,560785,555679,563439,571586,571086,568229,571203,571505,562061,560204,558747,556635,555272,553231,568144,572663,574346,570185,571698,569455
LAUST440000000000007,64.1,63.1,63.1,63.5,62.9,63.9,64.7,64.7,62.6,60.1,59.9,59.2,59.3,59.4,60.1,61.0,61.1,61.5,61.9,62.1,57.8,60.1,61.3
LAUST440000000000008,66.8,66.1,66.5,67.2,66.4,67.3,68.2,68.2,67.8,67.9,67.8,66.6,66.1,65.7,65.2,64.9,64.5,64.4,64.5,64.4,63.6,63.6,63.3
LAUST440000000000009,812627,819602,827928,834525,837494,837143,837533,837511,838434,841735,842735,844463,848001,850782,853716,855938,858159,882242,887694,891912,896854,899521,899721
LAUST450000000000003,3.7,5.3,6.4,7.2,7.4,7.3,6.9,6.1,7.3,11.4,11.3,10.4,9.0,7.4,6.3,5.9,4.9,4.2,3.4,2.8,6.0,3.9,3.2
LAUST450000000000004,72922,102710,125813,143886,152142,151467,147453,130705,157181,247430,246093,227678,197246,163472,139485,133750,111753,95058,76666,64693,139855,92908,77048
LAUST450000000000005,1892559,1839246,1828735,1855599,1891722,1919644,2001245,2024493,2002903,1919307,1928442,1957493,1992957,2034404,2082941,2134087,2174301,2166708,2205356,2259807,2195171,2261060,2297927
LAUST450000000000006,1965481,1941956,1954548,1999485,2043864,2071111,2148698,2155198,2160084,2166737,2174535,2185171,2190203,2197876,2222426,2267837,2286054,2261766,2282022,2324500,2335026,2353968,2374975
LAUST450000000000007,62.5,60.0,59.0,59.2,59.5,59.4,60.5,60.0,58.2,55.0,54.1,54.2,54.5,54.9,55.4,55.8,55.9,55.6,55.9,56.5,54.0,54.8,54.7
LAUST450000000000008,64.9,63.4,63.1,63.8,64.3,64.0,65.0,63.9,62.8,62.1,61.0,60.5,59.9,59.3,59.1,59.3,58.8,58.0,57.8,58.1,57.5,57.1,56.5
LAUST450000000000009,3027367,3064191,3098739,3133915,3178645,3234049,3305437,3374548,3439974,3490448,3564619,3612048,3655515,3704281,3759002,3822409,3888005,3897645,3948448,4002601,4062556,4124126,4204317
LAUST460000000000003,2.5,3.0,3.2,3.5,3.6,3.6,3.0,2.8,3.1,4.6,4.9,4.6,4.1,3.7,3.3,3.0,3.0,3.1,2.8,2.8,4.2,2.6,2.1
LAUST460000000000004,10372,12421,13450,14627,15335,15273,12944,12385,13542,20177,21803,20499,18113,16645,15036,13798,13715,13889,12789,12976,19606,12409,9815
LAUST460000000000005,398124,401072,403343,406897,410618,414088,419816,423910,425670,421123,421815,425367,428943,430834,435733,439293,441418,441450,446413,451353,444899,457174,465250
LAUST460000000000006,408496,413493,416793,421524,425953,429361,432760,436295,439212,441300,443618,445866,447056,447479,450769,453091,455133,455339,459202,464329,464505,469583,475065
LAUST460000000000007,70.9,70.8,70.6,70.6,70.4,70.2,70.3,70.1,69.6,68.2,68.1,68.2,67.9,67.5,67.7,67.8,67.4,67.0,67.3,67.4,65.8,66.8,66.8
LAUST460000000000008,72.7,73.0,73.0,73.1,73.1,72.8,72.5,72.1,71.8,71.5,71.6,71.5,70.8,70.1,70.0,69.9,69.5,69.2,69.2,69.4,68.7,68.7,68.2
LAUST460000000000009,561564,566359,571138,576254,582859,589510,597236,604823,611461,617610,619307,623838,631724,638676,643820,648268,654760,658460,663384,669499,675726,683982,696215
LAUST470000000000003,3.9,4.5,5.1,5.5,5.3,5.5,5.3,4.6,6.5,10.1,9.8,9.1,8.0,7.8,6.6,5.6,4.7,3.7,3.5,3.3,7.5,4.5,3.4
LAUST470000000000004,110241,129038,148524,160215,154881,160266,158670,141312,198685,307524,304062,284214,246595,238765,201033,171532,148720,119517,113261,111606,246521,149410,113471
LAUST470000000000005,2738785,2728621,2750424,2744351,2742911,2738224,2856079,2901946,2862093,2725134,2789056,2833278,2849727,2840127,2842540,2902684,2987679,3077515,3143792,3223664,3056709,3174135,3238559
LAUST470000000000006,2849026,2857659,2898948,2904566,2897792,2898490,3014749,3043258,3060778,3032658,3093118,3117492,3096322,3078892,3043573,3074216,3136399,3197032,3257053,3335270,3303230,3323545,3352030
LAUST470000000000007,62.8,62.0,61.9,61.1,60.4,59.4,60.9,61.0,59.4,56.0,56.6,57.0,56.8,56.1,55.6,56.3,57.3,58.2,58.8,59.7,55.9,57.5,57.9
LAUST470000000000008,65.4,64.9,65.2,64.7,63.8,62.9,64.2,63.9,63.5,62.3,62.8,62.7,61.7,60.8,59.6,59.6,60.2,60.5,61.0,61.8,60.4,60.2,59.9
LAUST470000000000009,4358399,4401204,4444871,4492255,4541581,4610117,4692392,4760074,4821665,4868441,4925390,4973466,5020351,5064575,5109856,5159199,5213936,5284932,5342696,5397378,5466862,5523362,5595306
LAUST480000000000003,4.4,5.0,6.3,6.7,6.0,5.5,5.0,4.4,4.9,7.5,8.2,8.0,6.7,6.3,5.2,4.5,4.6,4.3,3.9,3.5,7.7,5.6,3.9
LAUST480000000000004,455364,524310,680965,734082,662144,611321,564326,500878,567244,900971,1004656,1000726,844490,809763,673126,587497,617938,585966,535333,492708,1071529,807358,569725
LAUST480000000000005,9932973,10014830,10061049,10176554,10336114,10561373,10770786,10940176,11110499,11043167,11255444,11498869,11794975,12022272,12333076,12503464,12728898,12888025,13178793,13429073,12883803,13503671,14092833
LAUST480000000000006,10388337,10539140,10742014,10910636,10998258,11172694,11335112,11441054,11677743,11944138,12260100,12499595,12639465,12832035,13006202,13090961,13346836,13473991,13714126,13921781,13955332,14311029,14662558
LAUST480000000000007,65.3,64.6,63.8,63.4,63.3,63.5,63.3,62.9,62.6,61.0,60.6,60.6,61.0,61.1,61.4,61.0,60.9,61.0,61.5,61.7,58.1,59.9,61.4
LAUST480000000000008,68.3,68.0,68.1,68.0,67.4,67.2,66.7,65.8,65.8,66.0,66.0,65.9,65.4,65.2,64.8,63.8,63.8,63.8,64.0,63.9,62.9,63.5,63.9
LAUST480000000000009,15200557,15494857,15780780,16050108,16322712,16623005,17004846,17390495,17740350,18091029,18567149,18967568,19328315,19686191,20086438,20509247,20905007,21135080,21443061,21776098,22170937,22534721,22962733
LAUST490000000000003,3.3,4.4,5.7,5.6,5.0,4.0,2.8,2.6,3.3,7.3,7.9,7.1,4.8,4.2,3.6,3.5,3.3,3.1,2.9,2.5,4.8,2.7,2.3
LAUST490000000000004,38110,50827,66852,66463,61694,51826,37993,35401,46252,99631,107266,94630,64408,58348,51426,51512,50156,48939,46199,41106,79599,46201,40380
LAUST490000000000005,1104750,1112047,1112581,1130789,1170046,1228827,1295285,1342237,1339394,1274210,1242907,1246797,1284149,1327560,1364353,1401945,1449981,1505413,1538295,1577591,1567777,1641338,1702674
LAUST490000000000006,1142860,1162874,1179433,1197252,1231740,1280653,1333278,1377638,1385646,1373841,1350173,1341427,1348557,1385908,1415779,1453457,1500137,1554352,1584494,1618697,1647376,1687539,1743054
LAUST490000000000007,69.8,68.6,67.2,66.9,67.6,69.1,70.6,71.0,69.3,64.6,63.1,62.6,63.4,64.4,65.0,65.5,66.1,66.6,66.5,66.7,64.6,66.0,67.1
LAUST490000000000008,72.2,71.8,71.2,70.9,71.2,72.0,72.6,72.9,71.6,69.7,68.5,67.4,66.6,67.2,67.4,67.9,68.4,68.8,68.5,68.4,67.9,67.9,68.7
LAUST490000000000009,1583059,1620083,1655613,1689212,1730928,1777777,1835540,1889476,1934013,1972474,1970916,1991465,2025840,2063005,2099304,2140901,2193627,2260156,2312734,2365223,2426040,2486143,2536616
LAUST500000000000003,2.8,3.3,3.8,4.4,3.7,3.5,3.7,3.9,4.5,6.2,6.3,5.6,4.8,4.4,4.0,3.5,3.1,3.0,2.5,2.1,5.7,3.7,2.6
LAUST500000000000004,9388,11165,13181,15141,12797,12114,13162,13901,16061,22264,22772,19897,17048,15491,13955,12250,10808,10687,8790,7490,19268,12469,9038
LAUST500000000000005,324667,326980,330080,331239,334555,337407,342232,339367,337925,337018,336920,337779,336899,334684,334742,334262,335043,344698,346553,346016,320542,323354,333081
LAUST500000000000006,334055,338145,343261,346380,347352,349521,355394,353268,353986,359282,359692,357676,353947,350175,348697,346512,345851,355385,355343,353506,339810,335823,342119
LAUST500000000000007,68.5,68.3,68.3,67.9,68.0,68.1,68.5,67.6,67.0,66.5,66.3,66.2,65.9,65.3,65.2,64.9,65.0,65.3,65.4,65.0,59.8,59.9,61.5
LAUST500000000000008,70.5,70.6,71.0,71.0,70.6,70.5,71.2,70.3,70.1,70.8,70.8,70.1,69.2,68.3,67.9,67.3,67.1,67.3,67.0,66.4,63.4,62.2,63.2
LAUST500000000000009,473915,478732,483460,487922,491813,495490,499415,502287,504718,507164,507845,510272,511492,512771,513649,514884,515410,527814,530176,532459,535637,539890,541744
LAUST510000000000003,2.3,3.3,4.4,4.3,4.1,3.8,3.3,3.3,4.3,6.8,7.3,6.6,5.9,5.6,5.1,4.4,4.0,3.7,3.0,2.8,6.5,3.9,2.9
LAUST510000000000004,81909,121438,162969,163214,156108,149962,132218,132788,175866,282835,304827,276176,250378,236320,217948,185900,169526,159687,130779,122471,280533,168742,127053
LAUST510000000000005,3524481,3559669,3576530,3609335,3658421,3756587,3844285,3906626,3952723,3853351,3858466,3929008,3967151,4002057,4040908,4048081,4084822,4193290,4228274,4292501,4062417,4162555,4308805
LAUST510000000000006,3606390,3681107,3739499,3772549,3814529,3906549,3976503,4039414,4128589,4136186,4163293,4205184,4217529,4238377,4258856,4233981,4254348,4352977,4359053,4414972,4342950,4331297,4435858
LAUST510000000000007,66.4,66.2,65.6,65.4,65.1,65.8,66.4,66.7,66.7,64.2,62.8,62.9,62.8,62.7,62.7,62.3,62.4,63.3,63.4,63.9,60.0,61.2,63.0
LAUST510000000000008,68.0,68.4,68.6,68.4,67.9,68.5,68.7,69.0,69.7,68.9,67.8,67.4,66.7,66.4,66.1,65.2,65.0,65.7,65.3,65.7,64.2,63.7,64.9
LAUST510000000000009,5304549,5379278,5453731,5518252,5615773,5705956,5788571,5857950,5926737,6000845,6144283,6243509,6319657,6383104,6441177,6495053,6543548,6624960,6670343,6718931,6769955,6803773,6839542
LAUST530000000000003,5.1,6.0,7.1,7.2,6.3,5.6,5.0,4.6,5.2,8.3,9.1,8.5,7.7,6.6,5.9,5.4,5.2,4.6,4.4,4.2,8.5,5.2,4.2
LAUST530000000000004,157856,185301,219675,226245,201073,182714,165704,156610,182379,286984,316342,293412,265444,229825,207249,193577,189031,172929,168546,166916,332714,203002,168024
LAUST530000000000005,2929824,2900354,2881326,2910008,2988316,3077058,3164354,3244794,3291664,3176729,3142109,3144459,3203294,3230947,3287904,3361249,3459527,3554754,3645992,3766964,3603370,3695705,3822319
LAUST530000000000006,3087680,3085655,3101001,3136253,3189389,3259772,3330058,3401404,3474043,3463713,3458451,3437871,3468738,3460772,3495153,3554826,3648558,3727683,3814538,3933880,3936084,3898707,3990343
LAUST530000000000007,65.6,64.0,62.6,62.4,63.1,63.9,64.4,64.8,64.7,61.4,59.9,59.2,59.5,59.4,59.5,59.8,60.4,60.8,61.3,62.5,58.9,59.9,61.4
LAUST530000000000008,69.1,68.1,67.4,67.3,67.3,67.7,67.7,68.0,68.3,66.9,65.9,64.7,64.5,63.6,63.3,63.3,63.7,63.7,64.2,65.2,64.3,63.2,64.1
LAUST530000000000009,4465692,4534286,4601381,4660988,4737670,4817314,4915790,5005665,5089154,5174102,5245864,5311367,5380521,5441680,5522477,5619383,5731878,5851092,5944441,6029945,6119477,6164797,6223443
LAUST540000000000003,5.6,5.4,6.5,6.6,5.8,5.5,5.2,4.8,4.7,8.3,8.7,7.8,7.2,6.7,6.5,6.6,6.1,5.2,5.1,5.0,8.2,5.1,3.9
LAUST540000000000004,44624,42939,51669,51945,45538,43355,41585,38788,37960,67400,70210,63222,58435,53632,51778,52071,47899,40958,40813,39390,64276,39744,30662
LAUST540000000000005,754457,753657,747040,739896,743989,751202,763325,765517,768294,743870,739891,743346,749587,745849,743955,739455,737205,743786,752602,755909,715637,739003,754453
LAUST540000000000006,799081,796596,798709,791841,789527,794557,804910,804305,806254,811270,810101,806568,808022,799481,795733,791526,785104,784744,793415,795299,779913,778747,785115
LAUST540000000000007,52.8,52.8,52.3,51.7,51.9,52.3,53.0,53.0,53.0,51.2,50.1,50.0,50.4,50.2,50.1,49.9,50.0,50.7,51.6,52.0,49.5,51.2,52.5
LAUST540000000000008,55.9,55.8,55.9,55.3,55.1,55.4,55.9,55.7,55.7,55.8,54.9,54.3,54.3,53.8,53.6,53.5,53.3,53.5,54.4,54.7,53.9,54.0,54.7
LAUST540000000000009,1430170,1426973,1428455,1431582,1432844,1435076,1440091,1444435,1448678,1453261,1476457,1486488,1488022,1487023,1484923,1480493,1474040,1467310,1458977,1452860,1446494,1442066,1435928
LAUST550000000000003,3.4,4.4,5.3,5.6,5.0,4.8,4.7,4.8,4.9,9.0,8.5,7.6,6.9,6.7,5.3,4.4,3.9,3.3,3.0,3.2,6.4,3.8,2.9
LAUST550000000000004,100906,133376,160526,171342,151048,143991,142691,148722,153057,279202,262315,232170,212883,205813,164217,137159,121722,102409,93239,98901,197294,118698,90079
LAUST550000000000005,2884737,2884305,2856234,2873956,2883573,2885671,2923575,2938876,2945874,2833292,2820620,2839987,2857150,2871988,2913764,2947048,2988744,3039348,3030659,3012828,2897422,2981070,2992049
LAUST550000000000006,2985643,3017681,3016760,3045298,3034621,3029662,3066266,3087598,3098931,3112494,3082935,3072157,3070033,3077801,3077981,3084207,3110466,3141757,3123898,3111729,3094716,3099768,3082128
LAUST550000000000007,70.6,69.9,68.5,68.3,67.9,67.3,67.6,67.4,67.1,64.1,63.6,63.7,63.8,63.8,64.4,64.8,65.5,65.8,65.3,64.5,61.6,63.2,63.1
LAUST550000000000008,73.1,73.1,72.3,72.3,71.4,70.7,70.9,70.8,70.6,70.5,69.5,68.9,68.5,68.3,68.0,67.9,68.1,68.0,67.3,66.6,65.8,65.7,65.0
LAUST550000000000009,4086373,4127721,4170446,4210386,4247547,4285261,4323865,4358161,4388989,4417134,4435706,4457584,4480828,4504761,4526945,4545552,4566315,4617621,4643524,4670191,4704024,4716770,4739794
LAUST560000000000003,3.8,3.8,4.0,4.3,3.8,3.6,3.0,2.6,2.9,6.3,6.9,6.2,5.5,4.8,4.3,4.2,5.4,4.3,4.1,3.7,5.9,4.6,3.6
LAUST560000000000004,9975,10221,10834,11809,10549,9911,8516,7676,8711,18770,20940,18659,16638,14409,13171,12714,16107,12638,11875,10887,17260,13406,10413
LAUST560000000000005,255726,258172,258571,260995,264187,269172,276310,283072,287909,281123,280953,284273,287110,287792,289694,288894,284439,281164,280754,282433,276495,275748,281343
LAUST560000000000006,265701,268393,269405,272804,274736,279083,284826,290748,296620,299893,301893,302932,303748,302201,302865,301608,300546,293802,292629,293320,293755,289154,291756
LAUST560000000000007,68.6,68.8,68.2,68.2,68.4,69.0,69.8,70.1,70.1,67.2,65.2,65.0,64.7,64.2,64.4,64.0,63.1,63.1,63.0,63.1,61.4,60.7,61.4
LAUST560000000000008,71.3,71.6,71.0,71.3,71.1,71.6,71.9,72.0,72.2,71.7,70.1,69.3,68.4,67.4,67.3,66.8,66.6,65.9,65.7,65.6,65.2,63.7,63.7
LAUST560000000000009,372818,375043,379314,382581,386204,389945,396036,403554,410860,418116,430897,437132,443928,448554,449700,451235,450992,445796,445661,447440,450627,454147,457895
